"","track.id","track.name","danceability","energy","speechiness","liveness","valence"
"1","01T6EQ3LcOyarvAqsdCHI5","Main Title Deconstruction",0.594,0.867,0.0628,0.152,0.0545
"2","01vv2AjxgP4uUyb8waYO5Y","Morph",0.734,0.607,0.0806,0.0968,0.518
"3","02h2lqTc872LnYQ7TOFMmF","Fiery Frolic",0.607,0.679,0.114,0.336,0.715
"4","06bUBaq3PKtjc6DvHN6uiX","Run Away - Radio Edit",0.66,0.931,0.0764,0.181,0.362
"5","08ZuYMwYKdxLrGufv125m0","March To The Sea",0.693,0.496,0.0444,0.0738,0.149
"6","0b9oOr2ZgvyQu88wzixux9","This Is America",0.854,0.463,0.137,0.354,0.549
"7","0dvxG9bYKI4ZUCYwcF3c5N","Ruse of an Ooze",0.708,0.774,0.106,0.296,0.757
"8","0EbIifYAM9wTYlPzKgTwFA","Lift",0.309,0.547,0.0297,0.108,0.157
"9","0FMjqbY3aWo1QDbo3GwXib","Always in My Head",0.495,0.502,0.0259,0.068,0.0394
"10","0HBseo5ADohKTaH6JK3rn1","Murine Corps",0.726,0.63,0.169,0.0392,0.737
"11","0HnNFRIe4PFCQmo7KTtRCj","Reconstructing Science - Remix",0.582,0.843,0.0373,0.0574,0.43
"12","0hWzB4dR1zwcokPvccww0k","When I Grow Up",0.817,0.814,0.185,0.152,0.247
"13","0I9whRSAmL4G66an0k4NpW","Ape Suite #2 - Instrumental",0.211,0.516,0.0498,0.307,0.108
"14","0kT6u7GsKL8DmUUB5GbmTJ","Lancer's Theme - Remix",0.615,0.873,0.0565,0.144,0.739
"15","0nDuH38K39dbgFAiqcPUjW","Whore",0.675,0.645,0.0238,0.444,0.769
"16","0nKZsdHAqChEd0jwynrfoW","Honeycomb Herald",0.58,0.648,0.0665,0.0759,0.483
"17","0PXadTqt6pRNcXOEQgvPAK","Melatonin - Remastered",0.243,0.485,0.0413,0.105,0.0528
"18","0QHoKFOWwMSFxB4zc5HDzG","Polyethylene (Parts 1 & 2) - Remastered",0.22,0.499,0.0355,0.171,0.209
"19","0rKlNsNmGGKGXo6tDgkHEn","It Comes Back To You",0.634,0.749,0.029,0.0698,0.49
"20","0s0lnAIcclHVjQ4fITlOoU","Exit Music (For a Film) - Remastered",0.355,0.296,0.0321,0.644,0.205
"21","0sXvjZV7p4uvyPN4uQo3FH","Neon Gravestones",0.73,0.427,0.138,0.0893,0.392
"22","0v3uNqdn2dHuSCQLFperyZ","Railroad Wrath",0.524,0.75,0.155,0.0625,0.744
"23","0VjnvzjK5wN93gPLwU4tqw","Fitter Happier - Remastered",0.434,0.368,0.231,0.123,0.689
"24","0wqtEooNOFLDHc5QtlrLPz","Build Our Machine (Bendy and the Ink Machine) - Remix",0.522,0.907,0.0377,0.0548,0.711
"25","0YBHCNZipJmhgykFFInajM","Botanic Panic",0.692,0.797,0.127,0.0769,0.792
"26","10UOqXdZJDje9TOdqq5A3A","Angry and Dead Again",0.699,0.538,0.0499,0.106,0.5
"27","11FnhBlSYnz7r0O9HlCIxt","Bury Me Low - FWLR Remix",0.577,0.858,0.113,0.346,0.448
"28","13KwrXEgb4lLzd0kP8Jiqf","Signs of Light",0.27,0.324,0.0346,0.106,0.0396
"29","17FK4etx1u2NK60cptINMS","100 Bad Days",0.626,0.639,0.085,0.161,0.638
"30","19fAPL6nUe7fCVKndwP6me","One Nation (feat. Pretty Lights)",0.577,0.86,0.107,0.234,0.395
"31","19W5OTEcQI3ZoRW1HERMyy","Cancer",0.652,0.295,0.0477,0.0809,0.196
"32","1CDVadnneswMxi6gBqJTtC","Legend",0.716,0.575,0.0368,0.0829,0.797
"33","1DWhiguhYi470Vdvfzvgag","Revolution",0.523,0.948,0.0383,0.34,0.585
"34","1E1uGhNdBe6Dddbgs2KqtZ","Jumpsuit",0.62,0.61,0.0373,0.205,0.235
"35","1FicFgbjWK0HKAHR9DQCCD","Miniaturized Circuitry",0.498,0.814,0.0348,0.11,0.165
"36","1h9wNgbjr5R7nHy0hrmFPO","Beast",0.522,0.776,0.034,0.194,0.318
"37","1JRK7srBWUtAW7dPabKBwJ","Teeth",0.755,0.448,0.0405,0.11,0.431
"38","1kTrkYKKN6Zrypum1BkYiB","System Failiure",0.506,0.728,0.0285,0.13,0.431
"39","1lgN0A2Vki2FTON5PYq42m","Warriors",0.365,0.851,0.065,0.238,0.309
"40","1lguQJjlNrIOoOylYVZN3M","The Judge",0.423,0.797,0.124,0.137,0.592
"41","1lXDhwKlfa9JFuY6ecifiJ","RIP",0.646,0.85,0.0301,0.182,0.556
"42","1Mxd3OO9ZOcSevhrO0pU6g","Hard Drive",0.458,0.845,0.0307,0.344,0.688
"43","1pKmfhwbZvsyYUP2eOGdw5","Screen",0.718,0.714,0.0622,0.141,0.84
"44","1QgI14YcWg3tOobXjzlNMl","Paranoid Android - Remastered",0.332,0.826,0.0497,0.234,0.216
"45","1RRS9H7wTZ0Sgl2FwpKHdP","Evil Morty (For the Damaged Coda)",0.462,0.717,0.0272,0.114,0.0779
"46","1RVsX3VWLxQEbzMGk2ZNyE","Perilous Piers",0.706,0.526,0.037,0.175,0.804
"47","1s9xuJxhYM0LdVqksjegcg","Fairly Local",0.715,0.723,0.0569,0.084,0.479
"48","1SGLE4F61R8duyLxDQmpDo","Where It’s At Ain’t What It Is (feat. Gary Clark Jr. and Nico Stadi)",0.689,0.861,0.0447,0.266,0.591
"49","1WKFFNfL31ApigXTSd7Sea","Lull - Remastered",0.237,0.617,0.0339,0.23,0.156
"50","1xQBlIIAZZtekq4pyCp2Lw","Friends on the Other Side - From ""The Princess and the Frog"" / Soundtrack Version",0.363,0.622,0.0982,0.51,0.378
"51","1yf97yL1ll8FYXC27c9VTw","Trees",0.584,0.833,0.041,0.169,0.324
"52","1ZJf6hZVPU1NoOPS5ThJvA","You're the One",0.594,0.462,0.0403,0.123,0.529
"53","22OqansuvEMQu9W0EfiGTI","We Don't Believe What's on TV",0.547,0.936,0.102,0.172,0.642
"54","23OXdR7YuUBVWh5hSnYJau","Chlorine",0.609,0.674,0.0548,0.345,0.315
"55","24yaR0CyO2oRISmeL2AvVj","Karma Police - Remastered",0.389,0.577,0.0276,0.107,0.367
"56","2B0NgDhbDqaiMDfFGjHIRu","Vigilante Nocturno (feat. Carl Restivo)",0.553,0.948,0.0613,0.183,0.357
"57","2dhJM2skHC9D41gHj34Kgw","You’re The Best Thing About Me",0.65,0.78,0.0351,0.294,0.809
"58","2dpaYNEQHiRxtZbfNsse99","Happier",0.687,0.792,0.0452,0.167,0.671
"59","2eeXPTMbHyLsgD2V0H8xwn","Big Enough",0.502,0.524,0.0655,0.0456,0.183
"60","2HDE7gJUAf4FTH1ubzM042","HUMANS - Far Out Remix",0.407,0.742,0.0472,0.338,0.29
"61","2HpUjdaboRlwPOSZT1UZrZ","Electioneering - Remastered",0.204,0.951,0.0621,0.267,0.44
"62","2hUFjIbpKaRqs97OjUAmXb","Johnny Boy",0.561,0.841,0.0515,0.24,0.356
"63","2K87XMYnUMqLcX3zvtAF4G","Drag Me Down",0.73,0.703,0.0369,0.0657,0.595
"64","2kDEGoEVHfpNPMOs7IIG5y","Subterranean Homesick Alien - Remastered",0.326,0.636,0.0286,0.108,0.256
"65","2LjIRZayC1GOznKd5MletX","This Is America (Metal Version)",0.639,0.856,0.0539,0.136,0.479
"66","2P61EK6DMGyVyssLWS4fKy","Lane Boy",0.616,0.811,0.0626,0.0566,0.913
"67","2pDH9FivFnEQUvvZUPToa7","CMOS",0.585,0.609,0.0356,0.285,0.363
"68","2PMX8sBBrT0q7B4sQkBR7a","One Hell of a Time",0.586,0.758,0.114,0.256,0.703
"69","2Pquc3xvWghdFuf0HrjLUx","Climbing Up the Walls - Remastered",0.266,0.633,0.0386,0.185,0.227
"70","2Q4OrJV7rGtUpPsLGbchgr","Thief",0.416,0.715,0.0435,0.106,0.126
"71","2tpgdrjuM8vqzgHrsCWKjc","Whole Lotta Love",0.703,0.81,0.0563,0.243,0.543
"72","2uBhGx3m5iJrtsql8Qk00j","Levitate",0.7,0.934,0.17,0.114,0.224
"73","2uE9ZTSf2wJINqCHOrV6a0","Lancer",0.619,0.325,0.0746,0.0952,0.976
"74","2urxzpjOmYmpD1yZAT31r2","Gaster's Theme - Remix",0.388,0.971,0.0413,0.293,0.38
"75","2WHsVjndiTbqMTWy1gfOnV","A Reminder - Remastered",0.306,0.5,0.0276,0.227,0.139
"76","2Wn8X6fqkNihu33aV9YesP","Terminal",0.473,0.925,0.0558,0.0859,0.0665
"77","2x2SotEkKozaFh6H1aVnOZ","Who We Are",0.407,0.656,0.0413,0.343,0.39
"78","2Xaw1RrXP3mdooKWysuRJ8","Monster",0.472,0.774,0.0824,0.132,0.443
"79","2Z1HknKRrvUv5cheidF8Ag","Arabesque",0.401,0.834,0.055,0.373,0.163
"80","2Z8WuEywRWYTKe1NybPQEW","Ride",0.645,0.713,0.0393,0.113,0.566
"81","36tghkPg1AO4HsAzo6YpPp","House of Gold",0.68,0.693,0.0435,0.208,0.851
"82","3788uHPTofMSIvVyDxOtxQ","Space Invaders",0.662,0.767,0.0329,0.125,0.589
"83","3bnVBN67NBEzedqQuWrpP4","Tear in My Heart",0.655,0.632,0.0489,0.0722,0.447
"84","3C3cr2JQwXIhqAHqOardVO","Holding on to You",0.608,0.776,0.0511,0.0713,0.814
"85","3CRDbSIZ4r5MsZ0YwxuEkn","Stressed Out",0.734,0.637,0.141,0.0602,0.648
"86","3cShnBQsJ2zLR6iya0V3z1","Threatenin' Zeppelin",0.645,0.782,0.0617,0.207,0.723
"87","3dMocXkc8sJPu1bCdAOlwB","Press CLR For Clear",0.499,0.913,0.0387,0.0854,0.588
"88","3evAUkYDPeLX5kn0LbvGz4","Hypnocurrency",0.528,0.732,0.0504,0.109,0.0324
"89","3FJqW7EOrPBkO08hzSGC4X","Bonetrousle - Undertale Remix",0.535,0.717,0.107,0.0915,0.238
"90","3FvV3j98xtcylQF1drDc9j","Oh Ms Believer",0.501,0.328,0.0255,0.15,0.263
"91","3hqNHQeH0zhObqWTgI5ZPq","Hang",0.714,0.856,0.0608,0.164,0.742
"92","3iARls5EH6Q4fks2tWJStQ","Bury Me Low",0.533,0.824,0.101,0.269,0.389
"93","3JOVTP1RRDeSMr29BmHjjg","Channel 43 - NIGHT / MOVES Remix",0.602,0.853,0.0403,0.182,0.35
"94","3KgIZWuC7JJOgkcGeAWbZg","Battle Cry",0.358,0.909,0.0949,0.138,0.0419
"95","3LbC5JsZ1Sa4HGfhMFSS3o","Junkyard Jive",0.67,0.568,0.0817,0.0923,0.749
"96","3Mk62kPEDmcXpEvAM8ng72","The Airship",0.656,0.781,0.141,0.0592,0.648
"97","3MLtopC0uho28PxZN7Zecy","Fake You Out",0.84,0.608,0.0458,0.0874,0.727
"98","3oLe5ZILASG8vU5dxIMfLY","The Search",0.789,0.789,0.298,0.099,0.37
"99","3PmNDKYfKGALpIRz5CEQD1","One Step Closer – Spotify Singles",0.489,0.937,0.0494,0.14,0.345
"100","3Q1ihQlFp9V9VDYxlWb25u","The King's Court",0.685,0.696,0.0629,0.176,0.569
"101","3UaFnnUo80mv431WHEzaj9","Implicit Demand For Proof",0.495,0.262,0.0292,0.104,0.287
"102","3ubpkIvw8SDchaRPEKIQPS","Release",0.379,0.396,0.0292,0.118,0.407
"103","3y9z8ShoJTFEkb0Yjz2x49","Judas",0.637,0.862,0.0749,0.338,0.358
"104","40sRwFjfrRnaTdYPJIg4CP","Hometown",0.683,0.753,0.0317,0.357,0.389
"105","4bk6v5SBxNoVsbOvdOvUAJ","Addict With A Pen",0.553,0.787,0.0931,0.102,0.298
"106","4C64ZXG24vRJ4lwkxCA24G","We Are Number One (Remix)",0.495,0.96,0.0527,0.08,0.75
"107","4DRQBzgiM3SQqO5bXXPGpb","The Unknown",0.426,0.766,0.0894,0.0931,0.345
"108","4F4Wtw45jKohdzu9onG6WH","Airbag - Remastered",0.319,0.935,0.0548,0.128,0.63
"109","4IN3imzEuTsiHO6tOwDQu5","Trapdoor",0.55,0.625,0.0399,0.161,0.317
"110","4izhmF4sQgGemZpLC68bC5","Before You Start Your Day",0.363,0.135,0.0295,0.107,0.195
"111","4j8gmCSLLy0TSFg2brV01g","Taxi Cab",0.567,0.572,0.0318,0.103,0.205
"112","4ofwffwvvnbSkrMSCKQDaC","Shotgun",0.673,0.735,0.0457,0.242,0.754
"113","4Oyl6oYSNeeZZP0OAxPVaU","Message Man",0.715,0.838,0.118,0.15,0.497
"114","4ozum7awQLhJ6D6fQL5xPy","Pearly* - Remastered",0.324,0.853,0.0475,0.301,0.317
"115","4PQpCNTo1hvX9EyUCCtt20","CPU",0.531,0.714,0.04,0.0726,0.329
"116","4RdRa3qq0GBSKjomxrkh5K","Guns for Hands",0.684,0.858,0.0342,0.0828,0.518
"117","4rfaoyaZvNa60cj3OKSQV9","Migraine",0.69,0.678,0.154,0.246,0.409
"118","4svZDCRz4cJoneBpjpx8DJ","I Did Something Bad",0.696,0.602,0.159,0.0696,0.305
"119","4TQcARE7Fd58akNhr3N7AE","Twisted",0.577,0.789,0.0427,0.214,0.149
"120","4w4qrHEm4Olj1K070PKgvZ","Shootin' 'n' Lootin'",0.608,0.788,0.167,0.0885,0.672
"121","4ZS3PmdXt20YDDsgEh9zmM","OK",0.626,0.703,0.0331,0.348,0.601
"122","4ZsB0i93AKEyy2a12AL7EG","Every Step That I Take (feat. Portugal. The Man and Whethan)",0.53,0.764,0.22,0.461,0.539
"123","552BIJ9kKwwqiGf4YojYbL","Man of War",0.274,0.472,0.0263,0.0802,0.14
"124","57yL3161hUMuw06zzzUCHi","Doubt",0.719,0.645,0.0358,0.362,0.69
"125","59OZiGqFfWmry6o9pTx8i8","Bruises",0.45,0.856,0.0734,0.604,0.361
"126","5AMlkhfcb7TEVghsY4ymdD","Carnival Kerfuffle",0.701,0.616,0.0505,0.0886,0.635
"127","5AprQMAX0PtpG923NUgZN6","Hero",0.549,0.741,0.0325,0.298,0.42
"128","5bAJhDTVCWVScr5Ev4LnB2","Rhythm & Blues",0.433,0.863,0.0296,0.351,0.54
"129","5cbpoIu3YjoOwbBDGUEp3P","Car Radio",0.766,0.519,0.0366,0.0855,0.612
"130","5EKqsMU2tn1iAYNQF8h0ll","Salt And The Sea",0.63,0.31,0.028,0.128,0.0712
"131","5FN1qN680GO9MJ7rs5wyb7","Burning Alive",0.595,0.673,0.0295,0.292,0.315
"132","5G1lwu6P8F6ZhTk3mPLjtz","Bills",0.591,0.855,0.0681,0.277,0.619
"133","5G6Gt9RtNaeIE418pd4yre","Smithereens",0.764,0.548,0.14,0.0769,0.519
"134","5GtPJRrNgLshWt9DmKjdvY","Megalovania UnderMix",0.642,0.894,0.0523,0.318,0.376
"135","5HCXMBxZIVaVLXpyoqPM3g","Leave the City",0.506,0.379,0.0334,0.0956,0.299
"136","5HeKOKc4phmLn8e4I7EkzD","My Blood",0.749,0.723,0.0432,0.0977,0.674
"137","5IawVRxsgtrIEWy1uZNaIo","Out Of Memory",0.554,0.829,0.0331,0.234,0.138
"138","5INKIG4QNuD4xq7qZcfPzp","Bandito",0.661,0.52,0.028,0.105,0.427
"139","5KkyvgCkrbnOcl1kqrKLIN","Ape Suite #1 - Instrumental",0.116,0.199,0.044,0.109,0.0361
"140","5l4alulf90ZuqQrNA57s3h","A-Bit of Beethoven",0.313,0.763,0.0611,0.136,0.323
"141","5O3FBCAj4Y3rvPXrEmlinc","No Surprises - Remastered",0.274,0.449,0.0279,0.114,0.0797
"142","5oLWroGhJvHACXQ5nEx692","Confrontation",0.288,0.586,0.109,0.0966,0.0878
"143","5P3yUXUC9rZPJPNmYGKEAz","Goner",0.565,0.437,0.0403,0.0656,0.217
"144","5pryXvaRTif60GCf1e4rmc","Dream",0.379,0.513,0.0492,0.069,0.108
"145","5q63CeN78e2JaFdhvLyNRz","Alive",0.423,0.664,0.0878,0.354,0.287
"146","5R8pnOmAwKNh4KnvJW2paN","The Tourist - Remastered",0.248,0.328,0.032,0.105,0.0398
"147","5rAUZy2eDdegBxUVYxePK2","In The End - Mellen Gi Remix",0.618,0.611,0.11,0.162,0.224
"148","5rwltqXrIniDtZIx4J6u50","The Upside Down",0.169,0.0598,0.0339,0.173,0.0318
"149","5SehvGGC53A7SZKCLXQcyt","Nico and the Niners",0.728,0.602,0.185,0.318,0.328
"150","5tDkjUaPiTYne5aDtg6ZUE","Meeting in the Aisle - Remastered",0.385,0.776,0.0316,0.291,0.148
"151","5tVmNtMvCCABF6u2IyLLjX","Next Up Forever",0.373,0.569,0.0515,0.377,0.274
"152","5w5NylxR2K71isn84raTZh","Smoke And Mirrors",0.601,0.636,0.0283,0.446,0.0812
"153","5WzhZoBDmaAGzlG9PKrZi3","Beethoven Symphony 5 (8 Bit Version)",0.307,0.491,0.0351,0.152,0.132
"154","5XI6BxRGJNkUDrCEWdHgQQ","Death by Glamour (Undertale Remix)",0.7,0.757,0.205,0.848,0.366
"155","5xRcy8i64lENBk48rOe7K8","A.I.",0.705,0.668,0.0432,0.114,0.261
"156","5y3U5UoMDa7hFZ39piEAhS","This Is Halloween - Remix",0.609,0.955,0.0421,0.667,0.569
"157","5zTX7MeCrTX5ZBFSqJS7XZ","A Car, A Torch, A Death",0.618,0.732,0.0724,0.0925,0.444
"158","5zxJ3BZyd6BK2gX4b2RnB4","Bullets",0.455,0.649,0.0519,0.155,0.0719
"159","61vlvG3pr4djrXPtHPdXII","Don't Throw Out My Legos",0.629,0.583,0.0415,0.118,0.492
"160","630ifcUFrehtXlP6m6JBKo","Megalovania",0.478,0.943,0.152,0.071,0.302
"161","64ETHwzBLaBTGuKY55K1Kc","Friction",0.65,0.548,0.0357,0.293,0.29
"162","65kWtHIqg2IACNR9KP4KOS","Intro",0.555,0.852,0.149,0.0813,0.0749
"163","68hC01gNja5yqY5JCkV82E","I’m So Sorry",0.528,0.687,0.0532,0.251,0.423
"164","68NsOuum1AegLDhOIr2ADL","The Run and Go",0.798,0.318,0.0431,0.158,0.425
"165","6BEKt5axiNeWCr9huv0k7I","Truce",0.537,0.0231,0.0475,0.146,0.342
"166","6cwemXIKrAQeP7TMErGwM3","Isle Of Flightless Birds",0.753,0.421,0.0551,0.139,0.134
"167","6FQcdl2PzmsoXRF3F1flZ5","Second Chances",0.401,0.567,0.0355,0.103,0.362
"168","6gDTyTnFxpvQtkgGuNWGbE","Friend, Please",0.228,0.517,0.0401,0.29,0.204
"169","6gFtgkh8ShkrJn52Cbdhxy","Cut My Lip",0.641,0.561,0.0355,0.358,0.678
"170","6gi7qsHSH2JWZsTRHndxqm","Rain (from The Suicide Squad)",0.483,0.643,0.0404,0.361,0.219
"171","6GmkJJMe9U1tEcrJ3Hq3A1","Polarize",0.597,0.666,0.0418,0.1,0.626
"172","6gXv8OCSgKr5ZoVYi7Q7GM","How I Made My Millions - Remastered",0.251,0.243,0.0307,0.126,0.247
"173","6ibfO3qu7g7vSWKEEfiLvF","Interconnected",0.573,0.786,0.0298,0.434,0.47
"174","6jyBJcJwIzlEa2Z6ZlwTVN","Bastardized Ink",0.611,0.724,0.198,0.144,0.356
"175","6ndnOniozGPZBQ2N5Tjftd","Silicon Valley",0.465,0.376,0.03,0.099,0.14
"176","6PeXzqP7E9g3H0aMbBhB9L","Battle Sirens (feat. Knife Party)",0.332,0.933,0.161,0.29,0.0834
"177","6QOZWUCG5vq4xtU3mW2ZA2","The Pantaloon",0.733,0.636,0.0299,0.32,0.591
"178","6qrRjccCGT1LC9yO0bsBfm","Black the Sky",0.553,0.6,0.0265,0.0916,0.681
"179","6UdRQLhETxqycXlc7uDGOd","Find Another Way (feat. Marcus Mumford)",0.512,0.846,0.0453,0.191,0.382
"180","6V68ItawQkQlZhYIf1S86C","Crazy = Genius",0.455,0.91,0.166,0.107,0.447
"181","6V9PDDZ2pHQCUleRXvRYQ1","I Promise",0.441,0.435,0.0261,0.0982,0.487
"182","6W0ZYqpH88NpGN87vj6ZZd","Ones And Zeros",0.597,0.702,0.0351,0.22,0.496
"183","6ybmRhj9GrOl6k86Z5IQwf","Man's Not Hot - Instrumental",0.787,0.662,0.0489,0.129,0.275
"184","6YQlCOZnlFmqeciAh58fDE","Orphans",0.503,0.808,0.0451,0.557,0.282
"185","6zakxAA0Mf1EA2pR8tgFQl","The Killing of a Giant",0.659,0.634,0.0464,0.145,0.123
"186","70Cp0ukCMyWeJML77NGERU","Semi-Automatic",0.78,0.716,0.0439,0.0704,0.362
"187","70oK6ePjILgOuBUzRDOfCR","Air Catcher",0.519,0.436,0.0285,0.107,0.133
"188","70THn7YYfyk1U4zozH3bUy","Forest Follies",0.627,0.584,0.0316,0.107,0.948
"189","773xZHHSHJvC1z3AAtWgH6","Ode to Sleep",0.446,0.76,0.0453,0.232,0.512
"190","77vDHmiANW3JS2gNN5q7pI","Fall Away",0.816,0.766,0.0565,0.0893,0.696
"191","78VbQcPp4pfze0sMWyej6q","Lucky One (feat. K.Flay)",0.483,0.804,0.0923,0.135,0.596
"192","7BFYY2EFrru8QHolUiKpEE","Palo Alto - Remastered",0.406,0.819,0.0738,0.11,0.325
"193","7BOXzaH1Rv9JLUgwvAkID5","Let Down - Remastered",0.364,0.752,0.0312,0.093,0.122
"194","7Cf4XVVHzCveZCsfhoRBAu","Play",0.482,0.812,0.0273,0.279,0.726
"195","7cX4PJz1old9fyFI8RlfgW","Read My Mind",0.543,0.917,0.0444,0.104,0.329
"196","7daBwTiPNOVgoMUG4SICgh","Pet Cheetah",0.653,0.684,0.199,0.27,0.355
"197","7DqQtB1w0fHeSwjwq3IYU1","Lucky - Remastered",0.233,0.453,0.0331,0.113,0.152
"198","7dvIJzdLAkXElcLgu1bGJl","Lets Go",0.677,0.898,0.06,0.285,0.713
"199","7eVPSl96DJOMSc9rIBn6ft","Sugarland Shimmy",0.623,0.65,0.19,0.0796,0.631
"200","7gVbn6CXC3lEvkUy27jsDV","Men in Black",0.689,0.865,0.0478,0.101,0.387
"201","7Hd76FhngTrK6KK8TNVnFb","Dramatic Fanatic",0.775,0.801,0.138,0.0904,0.723
"202","7HmZPTWMa8oeY1kcw5icod","Doom Theme - Remix",0.356,0.982,0.0419,0.138,0.236
"203","7I3skNaQdvZSS7zXY2VHId","The Hype",0.53,0.816,0.0503,0.379,0.371
"204","7i9763l5SSfOnqZ35VOcfy","Heavydirtysoul",0.613,0.873,0.0449,0.367,0.392
"205","7IrlyHEVrPghjGRnS852tL","DJ Music Man Theme - Remix",0.52,0.973,0.0441,0.0751,0.154
"206","7jkc0BRaTGwseDZr9JrVnt","How Long (feat. Steve Aoki and Tim McIlrath)",0.582,0.867,0.0838,0.107,0.362
"207","7md6PkzQb04rtl0etY4Cc5","I Will Wait",0.417,0.635,0.0788,0.641,0.206
"208","7MOLuGHl3msefPDQF8MeKG","High Seas Hi-Jinx",0.713,0.749,0.124,0.0754,0.664
"209","7qxjGHW485TL8ciwkHD5MK","Not Today",0.77,0.706,0.0302,0.0985,0.527
"210","7uVpjihhrP2plvxnSzP6JY","Clip Joint Calamity",0.656,0.709,0.0615,0.234,0.587
